  <?xml version="1.0" encoding="ISO-8859-1"?>
  <StyledLayerDescriptor version="1.0.0" 
    xsi:schemaLocation="http://www.opengis.net/sld StyledLayerDescriptor.xsd" 
    xmlns="http://www.opengis.net/sld" 
    xmlns:ogc="http://www.opengis.net/ogc" 
    xmlns:xlink="http://www.w3.org/1999/xlink" 
    xmlns:xsi="http://www.w3.org/2001/XMLSchema-instance">
<NamedLayer>
    <Name>CountriesGraphics</Name>
    <UserStyle>
      <Title>Geoserver Beginners Guide: Countries with graphics filling</Title>
        <FeatureTypeStyle>
             <Rule>
               <PolygonSymbolizer>
                 <Fill>
                   <GraphicFill>
                     <Graphic>
                       <ExternalGraphic>
                         <OnlineResource
                           xlink:type="simple"
                           xlink:href="fill.svg" />
                         <Format>image/svg+xml</Format>
                       </ExternalGraphic>
                     </Graphic>
                   </GraphicFill>
                 </Fill>
                 <Stroke>
                   <CssParameter name="stroke">#A52A2A</CssParameter>
                   <CssParameter name="stroke-width">2</CssParameter>
                 </Stroke>
               </PolygonSymbolizer>
             </Rule>
           </FeatureTypeStyle>
   </UserStyle>
  </NamedLayer>
</StyledLayerDescriptor>

