  <?xml version="1.0" encoding="ISO-8859-1"?>
  <StyledLayerDescriptor version="1.0.0" 
    xsi:schemaLocation="http://www.opengis.net/sld StyledLayerDescriptor.xsd" 
    xmlns="http://www.opengis.net/sld" 
    xmlns:ogc="http://www.opengis.net/ogc" 
    xmlns:xlink="http://www.w3.org/1999/xlink" 
    xmlns:xsi="http://www.w3.org/2001/XMLSchema-instance">
<NamedLayer>
    <Name>PopulatedPlacesComplex</Name>
    <UserStyle>
      <Title>Geoserver Beginners Guide: Populated Places mark composed of three basic shapes</Title>
      <FeatureTypeStyle>
        <Rule>
        <PointSymbolizer>
            <Graphic>
              <Mark>
                <WellKnownName>circle</WellKnownName>
                <Fill>
                  <CssParameter name="fill">#00FF00</CssParameter>
                </Fill>
                <Stroke>
                    <CssParameter name="stroke">#000000</CssParameter>
                    <CssParameter name="stroke-width">1</CssParameter>
                 </Stroke>
                </Mark>
              <Size>16</Size>
            </Graphic>
          </PointSymbolizer>
        <PointSymbolizer>
            <Graphic>
              <Mark>
                <WellKnownName>square</WellKnownName>
                <Fill>
                  <CssParameter name="fill">#FF0000</CssParameter>
                </Fill>
                <Stroke>
                    <CssParameter name="stroke">#000000</CssParameter>
                    <CssParameter name="stroke-width">1</CssParameter>
                 </Stroke>
                </Mark>
              <Size>10</Size>
            </Graphic>
          </PointSymbolizer>
        <PointSymbolizer>
            <Graphic>
              <Mark>
                <WellKnownName>circle</WellKnownName>
                <Fill>
                  <CssParameter name="fill">#000000</CssParameter>
                </Fill>
                </Mark>
              <Size>5</Size>
            </Graphic>
        </PointSymbolizer>
        </Rule>
      </FeatureTypeStyle>
    </UserStyle>
  </NamedLayer>
</StyledLayerDescriptor>