  <?xml version="1.0" encoding="ISO-8859-1"?>
  <StyledLayerDescriptor version="1.0.0" 
    xsi:schemaLocation="http://www.opengis.net/sld StyledLayerDescriptor.xsd" 
    xmlns="http://www.opengis.net/sld" 
    xmlns:ogc="http://www.opengis.net/ogc" 
    xmlns:xlink="http://www.w3.org/1999/xlink" 
    xmlns:xsi="http://www.w3.org/2001/XMLSchema-instance">
<NamedLayer>
    <Name>RailRoads</Name>
    <UserStyle>
      <Title>Geoserver Beginners Guide: RailRoads with hatching</Title>
        <FeatureTypeStyle>
             <Rule>
               <LineSymbolizer>
                 <Stroke>
                   <CssParameter name="stroke">#000000</CssParameter>
                   <CssParameter name="stroke-width">2</CssParameter>
                 </Stroke>
               </LineSymbolizer>
             </Rule>
            <Rule>
              <LineSymbolizer>
                <Stroke>
                    <GraphicStroke> 
                      <Graphic>
                        <Mark>
                          <WellKnownName>shape://vertline</WellKnownName>
                          <Stroke>
                            <CssParameter name="stroke">#000000</CssParameter>
                            <CssParameter name="stroke-width">1</CssParameter>
                          </Stroke>
                        </Mark>
                        <Size>8</Size>
                      </Graphic>
                    </GraphicStroke>
                </Stroke>
              </LineSymbolizer>
            </Rule>
           </FeatureTypeStyle>
    </UserStyle>
  </NamedLayer>
</StyledLayerDescriptor>           